Year,Tms,#Bat,BatAge,R/G,G,PA,AB,R,H,1B,2B,3B,HR,RBI,SB,CS,BB,SO,BA,OBP,SLG,OPS,TB,GDP,HBP,SH,SF,IBB,BIP
2025,30,763,27.9,4.45,4860,37.64,33.68,4.45,8.26,5.38,1.59,0.13,1.16,4.27,0.71,0.2,3.16,8.36,0.245,0.315,0.404,0.719,13.6,0.64,0.4,0.12,0.27,0.11,24.43
2024,30,741,27.9,4.39,4858,37.56,33.69,4.39,8.2,5.34,1.6,0.14,1.12,4.19,0.74,0.2,3.07,8.48,0.243,0.312,0.399,0.711,13.45,0.66,0.42,0.09,0.26,0.1,24.35
2023,30,765,28,4.62,4860,37.88,33.83,4.62,8.4,5.35,1.69,0.15,1.21,4.43,0.72,0.18,3.25,8.61,0.248,0.32,0.414,0.734,14.01,0.71,0.43,0.09,0.25,0.1,24.26
2022,30,790,28.2,4.28,4860,37.46,33.63,4.28,8.16,5.33,1.63,0.13,1.07,4.09,0.51,0.17,3.06,8.4,0.243,0.312,0.395,0.706,13.28,0.7,0.42,0.08,0.25,0.1,24.41
2021,30,1373,28.4,4.53,4858,37.43,33.33,4.53,8.13,5.15,1.62,0.14,1.22,4.32,0.46,0.15,3.25,8.68,0.244,0.317,0.411,0.728,13.69,0.69,0.43,0.16,0.24,0.14,23.67
2020,30,618,28,4.65,1796,37.03,32.87,4.65,8.04,5.06,1.57,0.13,1.28,4.44,0.49,0.16,3.39,8.68,0.245,0.322,0.418,0.74,13.73,0.69,0.46,0.07,0.22,0.11,23.13
2019,30,1287,27.9,4.83,4858,38.39,34.3,4.83,8.65,5.34,1.76,0.16,1.39,4.63,0.47,0.17,3.27,8.81,0.252,0.323,0.435,0.758,14.92,0.71,0.41,0.16,0.24,0.16,24.34
2018,30,1271,28.1,4.45,4862,38.08,34.03,4.45,8.44,5.42,1.7,0.17,1.15,4.24,0.51,0.2,3.23,8.48,0.248,0.318,0.409,0.728,13.93,0.71,0.4,0.17,0.25,0.19,24.65
2017,30,1229,28.3,4.65,4860,38.13,34.07,4.65,8.69,5.54,1.73,0.16,1.26,4.44,0.52,0.19,3.26,8.25,0.255,0.324,0.426,0.75,14.51,0.78,0.36,0.19,0.24,0.2,24.8
2016,30,1247,28.4,4.48,4856,38.01,34.09,4.48,8.71,5.67,1.7,0.18,1.16,4.27,0.52,0.21,3.11,8.03,0.255,0.322,0.417,0.739,14.23,0.77,0.34,0.21,0.25,0.19,25.15
2015,30,1252,28.4,4.25,4858,37.8,34.07,4.25,8.67,5.77,1.7,0.19,1.01,4.04,0.52,0.22,2.9,7.71,0.254,0.317,0.405,0.721,13.78,0.77,0.33,0.25,0.25,0.2,25.6
2014,30,1212,28.5,4.07,4860,37.85,34.08,4.07,8.56,5.86,1.67,0.17,0.86,3.86,0.57,0.21,2.88,7.7,0.251,0.314,0.386,0.7,13.17,0.74,0.34,0.28,0.26,0.2,25.78
2013,30,1202,28.5,4.17,4862,38.02,34.16,4.17,8.66,5.85,1.69,0.16,0.96,3.96,0.55,0.21,3.01,7.55,0.253,0.318,0.396,0.714,13.54,0.77,0.32,0.28,0.25,0.21,25.9
2012,30,1185,28.5,4.32,4860,37.9,34,4.32,8.65,5.74,1.7,0.19,1.02,4.11,0.66,0.23,3.03,7.5,0.255,0.319,0.405,0.724,13.78,0.74,0.31,0.3,0.25,0.22,25.73
2011,30,1173,28.7,4.28,4858,38.13,34.11,4.28,8.7,5.85,1.73,0.18,0.94,4.08,0.67,0.26,3.09,7.1,0.255,0.321,0.399,0.72,13.61,0.73,0.32,0.34,0.26,0.25,26.33
2010,30,1157,28.9,4.38,4860,38.18,34.02,4.38,8.76,5.88,1.75,0.18,0.95,4.17,0.61,0.23,3.25,7.06,0.257,0.325,0.403,0.728,13.71,0.77,0.32,0.32,0.27,0.25,26.28
2009,30,1156,28.9,4.61,4860,38.49,34.13,4.61,8.96,5.92,1.8,0.2,1.04,4.4,0.61,0.23,3.42,6.91,0.262,0.333,0.418,0.751,14.26,0.78,0.33,0.34,0.28,0.24,26.46
2008,30,1188,28.8,4.65,4856,38.64,34.33,4.65,9.06,6.02,1.86,0.18,1,4.44,0.58,0.21,3.36,6.77,0.264,0.333,0.416,0.749,14.29,0.8,0.34,0.31,0.28,0.27,26.84
2007,30,1173,29.1,4.8,4862,38.8,34.51,4.8,9.25,6.15,1.89,0.19,1.02,4.58,0.6,0.21,3.31,6.62,0.268,0.336,0.423,0.758,14.59,0.82,0.36,0.32,0.3,0.27,27.17
2006,30,1134,29.2,4.86,4858,38.71,34.45,4.86,9.28,6.09,1.88,0.2,1.11,4.63,0.57,0.23,3.26,6.52,0.269,0.337,0.432,0.768,14.88,0.81,0.37,0.34,0.29,0.29,27.11
2005,30,1141,29.2,4.59,4862,38.32,34.21,4.59,9.05,6.02,1.82,0.18,1.03,4.37,0.53,0.22,3.13,6.3,0.264,0.33,0.419,0.749,14.33,0.8,0.37,0.33,0.27,0.25,27.15
2004,30,1136,29.3,4.81,4856,38.83,34.46,4.81,9.17,6.03,1.84,0.18,1.12,4.58,0.53,0.23,3.34,6.55,0.266,0.335,0.428,0.763,14.74,0.78,0.38,0.36,0.28,0.28,27.07
2003,30,1134,29.2,4.73,4860,38.57,34.31,4.73,9.07,5.99,1.82,0.19,1.07,4.5,0.53,0.23,3.27,6.34,0.264,0.333,0.422,0.755,14.48,0.79,0.38,0.33,0.27,0.27,27.17
2002,30,1101,29.2,4.62,4852,38.46,34.13,4.62,8.92,5.9,1.79,0.19,1.04,4.4,0.57,0.26,3.35,6.47,0.261,0.331,0.417,0.748,14.22,0.79,0.36,0.34,0.29,0.3,26.91
2001,30,1137,29.2,4.78,4858,38.49,34.22,4.78,9.03,5.91,1.81,0.19,1.12,4.55,0.64,0.29,3.25,6.67,0.264,0.332,0.427,0.759,14.6,0.75,0.39,0.33,0.29,0.28,26.72
2000,30,1132,29.1,5.14,4858,39.16,34.44,5.14,9.31,6.11,1.83,0.2,1.17,4.89,0.6,0.27,3.75,6.45,0.27,0.345,0.437,0.782,15.05,0.8,0.32,0.34,0.31,0.25,27.13
